First Name,Last Name,Gender,Date of Birth,Country,City,Height,Email,Phone Number,Undergraduate College,Degree,Income,Current Company,Designation,Marital Status,Languages Known,Siblings,Religion,Caste,Want Kids,Open to Relocate,Open to Pets,Manglik Status (Indian Context),Horoscope Matching Required (Indian Context),Dietary Preference (Indian Context),Family Type (Indian Context)
Vihaan,Shah,Male,1993-12-04,India,Jaipur,6ft 3in,vihaan.shah21@gmail.com,+91 89349 65302,IIT Delhi,B.Tech Computer Science,₹110000,Microsoft India,Senior Consultant,Never Married,"English, Kannada, Hindi",1,Jainism,Shvetambar,Yes,No,Maybe,Anshik (Partial),Necessary,Non-Vegetarian,Joint Family
Megha,Agrawal,Female,1996-02-03,India,Pune,5ft 3in,megha.agrawal22@gmail.com,+91 81763 55082,XLRI Jamshedpur,BBA,₹8 LPA,EY,Technical Architect,Never Married,"English, Gujarati",2,Jainism,Shvetambar,Maybe,Yes,Maybe,No,Necessary,Non-Vegetarian,Joint Family
Rahal,Patel,Male,1998-11-27,India,Kolkata,5ft 6in,rahal.patel30@gmail.com,+91 82130 56566,Vellore Institute of Technology,BBA,₹10 LPA,Zomato,Financial Analyst,Never Married,"English, Bengali, Telugu",3,Sikhism,Khatri,Maybe,Maybe,Maybe,Yes,Not Important,Eggetarian,Nuclear Family
Vivaan,Patel,Male,1992-04-19,India,Kolkata,6ft 6in,vivaan.patel37@gmail.com,+91 91477 75435,Christ University,M.Sc Statistics,₹15 LPA,Flipkart,Business Analyst,Never Married,"English, Kannada",2,Jainism,Shvetambar,Maybe,No,No,Yes,Necessary,Jain Diet,Joint Family
Vikas,Singh,Male,2001-03-26,India,Pune,5ft 1in,vikas.singh86@gmail.com,+91 72081 60432,Christ University,Ph.D. Biotechnology,₹35 LPA,Tata Motors,Project Manager,Divorced,"English, Malayalam, Punjabi",0,Jainism,Shvetambar,Maybe,No,Yes,Anshik (Partial),Optional,Non-Vegetarian,Joint Family
Vivek,Agrawal,Male,1993-09-04,India,Chennai,6ft 8in,vivek.agrawal91@gmail.com,+91 86635 89818,Vellore Institute of Technology,B.Sc Physics,₹29 LPA,Google India,Technical Architect,Divorced,"English, Tamil, Odia",3,Hinduism,Kshatriya,No,No,Yes,No,Necessary,Jain Diet,Nuclear Family
Vivek,Agrawal,Male,1999-03-05,India,Ahmedabad,6ft 1in,vivek.agrawal80@gmail.com,+91 75410 44741,IIM Bangalore,Ph.D. Biotechnology,₹33 LPA,Microsoft India,Technical Architect,Never Married,"English, Telugu, Punjabi",2,Sikhism,Arora,Maybe,No,No,Don't Know,Necessary,Non-Vegetarian,Nuclear Family
Siddharth,Chatterjee,Male,1994-10-08,India,Mumbai,5ft 9in,siddharth.chatterjee19@gmail.com,+91 93194 92719,IIT Delhi,B.A. English,₹10 LPA,Infosys,HR Manager,Never Married,"English, Marathi, Telugu",3,Islam,Sunni,Maybe,Maybe,Maybe,Don't Know,Necessary,Vegan,Joint Family
Arjun,Rao,Male,1996-07-14,India,Ahmedabad,5ft 10in,arjun.rao16@gmail.com,+91 92064 95649,BITS Pilani,B.Tech Mechanical Engineering,₹31 LPA,HDFC Bank,Data Scientist,Never Married,"English, Kannada, Telugu",3,Islam,Shia,Yes,No,No,Yes,Necessary,Vegan,Nuclear Family
Sandip,Jain,Male,2003-04-06,India,Pune,5ft 1in,sandip.jain72@gmail.com,+91 85773 38016,Christ University,B.Tech Mechanical Engineering,₹16 LPA,Deloitte,Software Engineer,Awaiting Divorce,"English, Marathi, Urdu",3,Jainism,Shvetambar,Yes,Yes,No,Yes,Necessary,Jain Diet,Nuclear Family
Isha,Das,Female,1999-09-06,India,Mumbai,5ft 9in,isha.das75@gmail.com,+91 72625 34356,IIT Madras,Ph.D. Biotechnology,₹10 LPA,Amazon India,Systems Engineer,Never Married,"English, Telugu, Odia",0,Jainism,Digambar,No,Maybe,Maybe,Anshik (Partial),Optional,Non-Vegetarian,Joint Family
Dev,Tiwari,Male,2001-05-15,India,Kolkata,6ft 2in,dev.tiwari19@gmail.com,+91 70305 70068,XLRI Jamshedpur,C.A. (Chartered Accountant),₹12 LPA,Wipro,Technical Architect,Never Married,"English, Bengali, Marathi",2,Hinduism,Kayastha,No,No,Yes,Don't Know,Not Important,Eggetarian,Nuclear Family
Pallavi,Patel,Female,1992-02-24,India,Jaipur,5ft 2in,pallavi.patel29@gmail.com,+91 78924 46930,XLRI Jamshedpur,B.A. Economics,₹27 LPA,Microsoft India,Project Manager,Never Married,"English, Marathi, Hindi",0,Sikhism,Khatri,Yes,Yes,No,Yes,Not Important,Eggetarian,Nuclear Family
Sonam,Sharma,Female,1992-02-23,India,Bengaluru,5ft 8in,sonam.sharma79@gmail.com,+91 71180 58393,FMS Delhi,LL.B,₹150000,KPMG,Business Analyst,Never Married,"English, Hindi, Tamil",2,Islam,Sunni,Maybe,Yes,No,Don't Know,Not Important,Non-Vegetarian,Nuclear Family
Sai,Joshi,Male,2002-06-26,India,Pune,6ft 0in,sai.joshi95@gmail.com,+91 98313 42527,Jadavpur University,B.Sc Mathematics,₹120000 LPA,Deloitte,Senior Software Engineer,Never Married,"English, Telugu",3,Christianity,Syrian Christian,Yes,Yes,Yes,Yes,Optional,Eggetarian,Joint Family
Akash,Mishra,Male,1999-07-22,India,Jaipur,6ft 5in,akash.mishra52@gmail.com,+91 70904 25118,Jadavpur University,B.Sc Mathematics,₹43 LPA,Flipkart,Senior Software Engineer,Never Married,"English, Tamil, Gujarati",2,Sikhism,Arora,Maybe,Yes,No,Yes,Optional,Vegetarian,Joint Family
Vijay,Rao,Male,1992-11-11,India,Lucknow,5ft 5in,vijay.rao50@gmail.com,+91 91737 26334,St. Xavier's College,BDS,₹25 LPA,KPMG,HR Manager,Never Married,"English, Kannada, Marathi",1,Islam,Shia,Maybe,No,Maybe,Yes,Not Important,Jain Diet,Joint Family
Sonam,Reddy,Female,1994-07-26,India,Lucknow,5ft 4in,sonam.reddy87@gmail.com,+91 91453 52237,NMIMS,M.Sc Statistics,₹34 LPA,Microsoft India,UI/UX Designer,Never Married,"English, Bengali, Punjabi",0,Christianity,Protestant,Maybe,Maybe,Maybe,Anshik (Partial),Necessary,Non-Vegetarian,Joint Family
Aryan,Verma,Male,1994-08-20,India,Delhi,5ft 0in,aryan.verma68@gmail.com,+91 83580 92544,FMS Delhi,B.A. Economics,₹30 LPA,PwC,Systems Engineer,Never Married,"English, Malayalam, Punjabi",0,Hinduism,Baniya,Yes,Yes,Maybe,Don't Know,Necessary,Jain Diet,Nuclear Family
Gaurav,Tiwari,Male,1999-09-20,India,Kolkata,5ft 7in,gaurav.tiwari66@gmail.com,+91 90075 76162,Symbiosis International University,LL.B,₹34 LPA,Google India,Resident Medical Officer,Never Married,"English, Malayalam, Telugu",2,Jainism,Shvetambar,Maybe,Yes,No,Don't Know,Necessary,Eggetarian,Nuclear Family
Kriti,Gupta,Female,1993-03-08,India,Pune,5ft 8in,kriti.gupta98@gmail.com,+91 75007 38043,IIT Madras,MCA,₹32 LPA,HDFC Bank,Technical Architect,Never Married,"English, Hindi, Telugu",3,Sikhism,Arora,Maybe,Yes,Maybe,Don't Know,Optional,Vegetarian,Joint Family
Ritu,Chatterjee,Female,2002-12-18,India,Lucknow,5ft 6in,ritu.chatterjee38@gmail.com,+91 85998 38760,Jadavpur University,MCA,₹37 LPA,Tata Consultancy Services (TCS),Systems Engineer,Never Married,"English, Malayalam, Gujarati",1,Sikhism,Jat Sikh,Maybe,Maybe,Yes,Don't Know,Not Important,Jain Diet,Nuclear Family
Sandip,Goel,Male,1998-03-02,India,Chennai,6ft 2in,sandip.goel58@gmail.com,+91 80726 37742,NMIMS,MBA Finance,₹27 LPA,Deloitte,Project Manager,Never Married,"English, Marathi, Gujarati",0,Sikhism,Jat Sikh,Maybe,Maybe,Yes,Anshik (Partial),Necessary,Vegetarian,Nuclear Family
Rohan,Sen,Male,1993-04-05,India,Ahmedabad,5ft 0in,rohan.sen95@gmail.com,+91 73748 83920,Vellore Institute of Technology,M.Sc Statistics,₹22 LPA,ICICI Bank,Financial Analyst,Never Married,"English, Punjabi",0,Islam,Shia,Yes,Maybe,Yes,Anshik (Partial),Not Important,Vegan,Joint Family
Diya,Dubey,Male,2003-05-28,India,Lucknow,5ft 1in,diya.dubey25@gmail.com,+91 96090 84177,IIT Delhi,MBA Marketing,₹40 LPA,KPMG,Marketing Executive,Never Married,"English, Tamil, Malayalam",0,Sikhism,Khatri,Yes,No,No,Don't Know,Not Important,Non-Vegetarian,Joint Family
Vivek,Bansal,Male,1999-08-15,India,Pune,6ft 9in,vivek.bansal85@gmail.com,+91 78794 52245,Anna University,B.Tech Electrical Engineering,₹23 LPA,EY,Senior Consultant,Never Married,"English, Odia",3,Christianity,Roman Catholic,No,No,Yes,Don't Know,Necessary,Eggetarian,Joint Family
Megha,Sharma,Female,1999-04-03,India,Hyderabad,5ft 8in,megha.sharma62@gmail.com,+91 86009 82768,Anna University,MBBS,₹37 LPA,EY,Software Engineer,Never Married,"English, Telugu, Gujarati",1,Christianity,Protestant,Maybe,No,No,Anshik (Partial),Optional,Jain Diet,Joint Family
Komal,Reddy,Female,1995-04-04,India,Hyderabad,5ft 4in,komal.reddy50@gmail.com,+91 73917 80236,SRM University,B.A. Economics,₹19 LPA,PwC,Project Manager,Never Married,"English, Kannada, Odia",2,Hinduism,Kayastha,No,Yes,No,Yes,Optional,Vegetarian,Nuclear Family
Diya,Reddy,Female,2002-03-21,India,Ahmedabad,5ft 8in,diya.reddy23@gmail.com,+91 98597 11607,FMS Delhi,BCA,₹36 LPA,PwC,Chartered Accountant,Never Married,"English, Marathi, Hindi",3,Hinduism,Kshatriya,No,No,Yes,No,Necessary,Non-Vegetarian,Joint Family
Rohan,Agrawal,Male,1997-10-20,India,Lucknow,5ft 8in,rohan.agrawal38@gmail.com,+91 95417 78494,Christ University,M.Sc Statistics,₹34 LPA,Reliance Industries,Investment Banker,Awaiting Divorce,"English, Odia",0,Jainism,Digambar,Yes,Maybe,Yes,Anshik (Partial),Not Important,Vegetarian,Nuclear Family
Sai,Sharma,Male,1997-08-23,India,Lucknow,5ft 2in,sai.sharma70@gmail.com,+91 79543 14278,Anna University,BCA,₹24 LPA,EY,Product Manager,Never Married,"English, Marathi, Malayalam",1,Sikhism,Jat Sikh,Maybe,Yes,Maybe,Yes,Optional,Non-Vegetarian,Nuclear Family
Aditya,Pandey,Male,2000-05-15,India,Delhi,6ft 9in,aditya.pandey69@gmail.com,+91 92566 49857,Christ University,BBA,₹38 LPA,L&T,Resident Medical Officer,Never Married,"English, Hindi, Odia",3,Christianity,Protestant,No,Yes,Yes,Yes,Not Important,Jain Diet,Nuclear Family
Payal,Das,Female,1999-11-15,India,Chennai,5ft 2in,payal.das33@gmail.com,+91 89180 67132,IIM Ahmedabad,B.Tech Electrical Engineering,₹36 LPA,ICICI Bank,Operations Manager,Never Married,"English, Malayalam",1,Christianity,Syrian Christian,Maybe,No,No,Don't Know,Not Important,Vegetarian,Joint Family
Dhruv,Kumar,Male,2003-07-28,India,Jaipur,6ft 5in,dhruv.kumar10@gmail.com,+91 91550 81118,NMIMS,MCA,₹9 LPA,Microsoft India,UI/UX Designer,Never Married,"English, Malayalam, Urdu",3,Hinduism,Kayastha,No,Maybe,Yes,Anshik (Partial),Optional,Vegan,Nuclear Family
Deepak,Joshi,Male,1995-09-01,India,Jaipur,5ft 11in,deepak.joshi62@gmail.com,+91 73054 39451,BITS Pilani,M.Sc Statistics,₹13 LPA,Accenture,Resident Medical Officer,Awaiting Divorce,"English, Kannada, Punjabi",2,Sikhism,Khatri,No,Yes,No,Yes,Optional,Non-Vegetarian,Nuclear Family
Atharv,Jain,Male,2003-09-09,India,Mumbai,6ft 5in,atharv.jain46@gmail.com,+91 93791 49132,FMS Delhi,C.A. (Chartered Accountant),₹37 LPA,Accenture,Chartered Accountant,Never Married,"English, Tamil",3,Sikhism,Khatri,Yes,Maybe,Yes,Don't Know,Necessary,Vegan,Nuclear Family
Sakshi,Iyengar,Female,2001-11-05,India,Ahmedabad,5ft 6in,sakshi.iyengar14@gmail.com,+91 74136 75836,FMS Delhi,MBA Finance,₹12 LPA,EY,Data Scientist,Never Married,"English, Hindi, Urdu",1,Sikhism,Arora,Yes,Yes,No,Anshik (Partial),Optional,Jain Diet,Joint Family
Siddharth,Mishra,Male,2002-08-28,India,Jaipur,6ft 5in,siddharth.mishra14@gmail.com,+91 90232 18968,Anna University,BCA,₹20 LPA,Wipro,Operations Manager,Divorced,"English, Bengali, Urdu",2,Hinduism,Brahmin,No,Yes,No,Anshik (Partial),Optional,Vegan,Nuclear Family
Vijay,Tiwari,Male,2003-03-06,India,Bengaluru,6ft 9in,vijay.tiwari20@gmail.com,+91 89971 60140,XLRI Jamshedpur,B.A. English,₹37 LPA,Adobe India,Business Analyst,Never Married,"English, Marathi, Malayalam",3,Christianity,Protestant,Yes,No,No,Yes,Necessary,Vegan,Joint Family
Nidhi,Choudhury,Female,1995-04-13,India,Ahmedabad,5ft 4in,nidhi.choudhury23@gmail.com,+91 77772 59986,FMS Delhi,MBA Marketing,₹42 LPA,Reliance Industries,Assistant Manager,Never Married,"English, Malayalam, Gujarati",2,Hinduism,Brahmin,Maybe,Maybe,No,Anshik (Partial),Necessary,Jain Diet,Joint Family
Deepak,Patel,Male,2001-12-25,India,Bengaluru,5ft 9in,deepak.patel90@gmail.com,+91 73183 92242,IIT Delhi,BCA,₹34 LPA,Infosys,Investment Banker,Never Married,"English, Bengali",2,Christianity,Protestant,No,Yes,Yes,Yes,Not Important,Eggetarian,Joint Family
Dev,Pandey,Male,1996-02-15,India,Delhi,6ft 4in,dev.pandey28@gmail.com,+91 94712 39571,Christ University,LL.B,₹29 LPA,Wipro,Systems Engineer,Never Married,"English, Kannada",3,Christianity,Protestant,Maybe,Maybe,No,Don't Know,Not Important,Eggetarian,Nuclear Family
Amit,Mittal,Male,1999-06-20,India,Hyderabad,5ft 9in,amit.mittal92@gmail.com,+91 72071 93283,NMIMS,BCA,₹32 LPA,Cognizant,Business Analyst,Never Married,"English, Marathi, Hindi",3,Hinduism,Kshatriya,Yes,Maybe,Yes,Don't Know,Optional,Eggetarian,Joint Family
Yash,Sen,Male,1997-05-02,India,Kolkata,5ft 7in,yash.sen37@gmail.com,+91 84528 68287,Anna University,MBA Marketing,₹12 LPA,ICICI Bank,Technical Architect,Never Married,"English, Tamil, Malayalam",0,Sikhism,Khatri,Yes,Yes,No,No,Not Important,Non-Vegetarian,Nuclear Family
Siddharth,Bansal,Male,2000-04-03,India,Jaipur,5ft 2in,siddharth.bansal36@gmail.com,+91 89214 38305,Anna University,MBA Finance,₹15 LPA,Zomato,Software Engineer,Never Married,"English, Bengali",2,Islam,Sunni,Maybe,Yes,Yes,No,Optional,Non-Vegetarian,Joint Family
Sai,Singh,Male,2002-07-17,India,Delhi,6ft 0in,sai.singh18@gmail.com,+91 85605 68756,Loyola College,BDS,₹43 LPA,Cognizant,Chartered Accountant,Never Married,"English, Hindi, Odia",2,Sikhism,Arora,Yes,Yes,No,Don't Know,Optional,Vegetarian,Joint Family
Ananya,Sen,Female,1993-02-05,India,Chennai,5ft 5in,ananya.sen89@gmail.com,+91 90744 86724,IIM Calcutta,MBA Finance,₹30 LPA,Zomato,UI/UX Designer,Never Married,"English, Kannada, Odia",3,Hinduism,Kshatriya,Maybe,Maybe,Maybe,Yes,Optional,Vegan,Nuclear Family
Kriti,Rao,Female,2002-02-11,India,Pune,5ft 6in,kriti.rao50@gmail.com,+91 91794 43408,Loyola College,B.Sc Physics,₹36 LPA,Wipro,Product Manager,Never Married,"English, Gujarati",0,Christianity,Roman Catholic,Maybe,Yes,Maybe,Anshik (Partial),Not Important,Vegetarian,Joint Family
Pallavi,Reddy,Female,2000-05-12,India,Delhi,5ft 0in,pallavi.reddy83@gmail.com,+91 86626 37884,Delhi Technological University,MBBS,₹20 LPA,Cognizant,Marketing Executive,Never Married,"English, Tamil",2,Jainism,Digambar,No,Maybe,Maybe,No,Not Important,Eggetarian,Nuclear Family
Atharv,Iyer,Male,1991-03-28,India,Bengaluru,6ft 5in,atharv.iyer82@gmail.com,+91 91539 62531,IIT Madras,B.Sc Physics,₹7 LPA,Wipro,UI/UX Designer,Never Married,"English, Urdu, Gujarati",2,Islam,Shia,No,Maybe,No,No,Necessary,Non-Vegetarian,Nuclear Family
Ashish,Choudhury,Male,2001-07-16,India,Lucknow,5ft 4in,ashish.choudhury66@gmail.com,+91 83571 45804,Vellore Institute of Technology,BDS,₹13 LPA,ICICI Bank,Operations Manager,Never Married,"English, Malayalam",3,Jainism,Shvetambar,Yes,Yes,No,No,Necessary,Non-Vegetarian,Joint Family
Akash,Reddy,Male,1996-02-01,India,Ahmedabad,5ft 4in,akash.reddy65@gmail.com,+91 75757 26932,Christ University,LL.B,₹20 LPA,Tata Motors,Technical Architect,Never Married,"English, Tamil",3,Hinduism,Baniya,Yes,No,Yes,Anshik (Partial),Not Important,Vegan,Joint Family
Swati,Sharma,Female,1996-03-26,India,Lucknow,5ft 6in,swati.sharma68@gmail.com,+91 97263 57428,IIT Madras,MCA,₹12 LPA,Amazon India,Operations Manager,Never Married,"English, Kannada",3,Christianity,Protestant,No,Yes,No,Yes,Necessary,Jain Diet,Nuclear Family
Akash,Pandey,Male,2001-03-08,India,Delhi,6ft 5in,akash.pandey28@gmail.com,+91 78387 35856,SRM University,Ph.D. Biotechnology,₹15 LPA,Wipro,Financial Analyst,Awaiting Divorce,"English, Odia, Urdu",3,Jainism,Shvetambar,Maybe,No,Yes,Don't Know,Necessary,Vegan,Joint Family
Megha,Banerjee,Female,1992-05-15,India,Ahmedabad,5ft 5in,megha.banerjee14@gmail.com,+91 71864 58331,St. Xavier's College,B.Tech Electrical Engineering,₹11 LPA,Zomato,Research Scientist,Never Married,"English, Odia, Urdu",0,Sikhism,Arora,Maybe,Yes,No,Don't Know,Not Important,Non-Vegetarian,Nuclear Family
Kavya,Banerjee,Female,2001-03-02,India,Hyderabad,5ft 1in,kavya.banerjee66@gmail.com,+91 84398 78690,IIM Bangalore,Ph.D. Biotechnology,₹16 LPA,ICICI Bank,Marketing Executive,Never Married,"English, Gujarati",2,Jainism,Digambar,Maybe,Maybe,No,No,Optional,Vegetarian,Joint Family
Aarti,Gupta,Female,2000-11-05,India,Kolkata,5ft 5in,aarti.gupta49@gmail.com,+91 91497 96787,Christ University,B.Sc Physics,₹44 LPA,Wipro,Assistant Manager,Never Married,"English, Tamil, Malayalam",1,Jainism,Digambar,Maybe,Maybe,No,Anshik (Partial),Necessary,Eggetarian,Joint Family
Krishna,Mehta,Male,1994-03-05,India,Delhi,6ft 7in,krishna.mehta47@gmail.com,+91 97670 23256,IIM Bangalore,LL.B,₹39 LPA,Infosys,HR Manager,Never Married,"English, Bengali, Odia",3,Islam,Sunni,Yes,Maybe,Maybe,Yes,Not Important,Vegan,Nuclear Family
Tanvi,Sen,Female,1995-12-26,India,Ahmedabad,5ft 7in,tanvi.sen39@gmail.com,+91 87498 41348,St. Xavier's College,MBBS,₹18 LPA,ICICI Bank,Investment Banker,Awaiting Divorce,"English, Marathi, Gujarati",3,Islam,Sunni,Maybe,Yes,No,No,Not Important,Vegan,Joint Family
Nitin,Gupta,Male,2003-03-09,India,Ahmedabad,5ft 4in,nitin.gupta75@gmail.com,+91 74828 67340,IIT Madras,B.A. English,₹34 LPA,ICICI Bank,Software Engineer,Never Married,"English, Kannada, Gujarati",2,Islam,Shia,Yes,No,Yes,No,Optional,Vegetarian,Joint Family
Ishaan,Jain,Male,1998-12-27,India,Bengaluru,5ft 4in,ishaan.jain70@gmail.com,+91 84699 90654,IIT Bombay,B.Tech Electrical Engineering,₹7 LPA,Flipkart,Consultant,Never Married,"English, Kannada, Punjabi",3,Hinduism,Maratha,Yes,No,Yes,No,Necessary,Vegan,Joint Family
Kabir,Chatterjee,Male,1991-11-17,India,Lucknow,6ft 9in,kabir.chatterjee40@gmail.com,+91 93545 28818,St. Xavier's College,MCA,₹6 LPA,Zomato,Marketing Executive,Never Married,"English, Bengali, Gujarati",0,Jainism,Shvetambar,Yes,Maybe,Maybe,No,Optional,Vegan,Nuclear Family
Tanvi,Iyer,Female,2003-02-12,India,Hyderabad,5ft 0in,tanvi.iyer94@gmail.com,+91 90586 23587,FMS Delhi,MBA Finance,₹14 LPA,Infosys,Marketing Executive,Never Married,"English, Bengali, Malayalam",3,Sikhism,Arora,Yes,Yes,Yes,Don't Know,Necessary,Eggetarian,Nuclear Family
Aryan,Jain,Male,1995-09-13,India,Jaipur,5ft 5in,aryan.jain70@gmail.com,+91 78300 14799,Vellore Institute of Technology,BCA,₹28 LPA,Infosys,HR Manager,Never Married,"English, Tamil, Gujarati",3,Sikhism,Khatri,No,Yes,No,Don't Know,Optional,Jain Diet,Joint Family
Vivek,Rao,Male,2000-03-18,India,Chennai,6ft 1in,vivek.rao51@gmail.com,+91 73361 20494,Lady Shri Ram College,BCA,₹25 LPA,EY,Research Scientist,Never Married,"English, Bengali, Punjabi",3,Christianity,Syrian Christian,Yes,Maybe,No,Don't Know,Optional,Vegetarian,Nuclear Family
Tanvi,Singh,Female,2000-11-26,India,Ahmedabad,5ft 0in,tanvi.singh14@gmail.com,+91 74136 18812,Anna University,MBA Marketing,₹29 LPA,Deloitte,Investment Banker,Never Married,"English, Bengali, Malayalam",3,Christianity,Syrian Christian,No,Yes,Maybe,Yes,Not Important,Eggetarian,Joint Family
Aditi,Kumar,Female,1991-12-06,India,Ahmedabad,5ft 3in,aditi.kumar76@gmail.com,+91 82680 83619,BITS Pilani,BBA,₹22 LPA,EY,Consultant,Awaiting Divorce,"English, Urdu, Punjabi",1,Hinduism,Vaishya,Yes,No,Yes,Don't Know,Necessary,Eggetarian,Joint Family
Rajesh,Goel,Male,1993-12-23,India,Bengaluru,6ft 4in,rajesh.goel56@gmail.com,+91 86670 39391,BITS Pilani,B.A. Economics,₹14 LPA,Amazon India,Resident Medical Officer,Never Married,"English, Kannada, Odia",2,Sikhism,Arora,Yes,Maybe,Yes,No,Optional,Vegan,Joint Family
Meera,Gupta,Female,1993-06-21,India,Delhi,5ft 9in,meera.gupta67@gmail.com,+91 85264 99143,IIM Bangalore,MBA Marketing,₹14 LPA,L&T,Investment Banker,Never Married,"English, Bengali, Gujarati",0,Hinduism,Nair,Yes,No,Yes,Yes,Optional,Non-Vegetarian,Joint Family
Riya,Mishra,Female,1999-05-05,India,Chennai,5ft 3in,riya.mishra88@gmail.com,+91 87481 22245,IIM Bangalore,B.Sc Mathematics,₹43 LPA,Adobe India,Business Analyst,Never Married,"English, Odia, Punjabi",2,Jainism,Digambar,Yes,Yes,Yes,Anshik (Partial),Not Important,Non-Vegetarian,Joint Family
Sanjay,Reddy,Male,1998-04-26,India,Pune,6ft 10in,sanjay.reddy48@gmail.com,+91 84861 19564,IIT Delhi,B.Sc Mathematics,₹34 LPA,KPMG,Resident Medical Officer,Never Married,"English, Odia, Tamil",1,Christianity,Protestant,No,Maybe,No,Don't Know,Necessary,Eggetarian,Nuclear Family
Neha,Patel,Female,1998-04-05,India,Delhi,5ft 1in,neha.patel16@gmail.com,+91 79509 60351,XLRI Jamshedpur,MCA,₹21 LPA,Google India,HR Manager,Awaiting Divorce,"English, Bengali, Telugu",3,Jainism,Shvetambar,No,No,No,No,Necessary,Vegan,Joint Family
Krishna,Verma,Male,1995-08-20,India,Ahmedabad,6ft 0in,krishna.verma46@gmail.com,+91 87586 11071,BITS Pilani,MCA,₹14 LPA,Flipkart,Marketing Executive,Never Married,"English, Hindi, Tamil",3,Hinduism,Nair,Yes,No,Maybe,Anshik (Partial),Necessary,Vegan,Joint Family
Richa,Kumar,Female,1997-06-26,India,Kolkata,5ft 2in,richa.kumar81@gmail.com,+91 81980 28909,Vellore Institute of Technology,Ph.D. Biotechnology,₹38 LPA,Deloitte,UI/UX Designer,Never Married,"English, Bengali, Hindi",2,Sikhism,Arora,No,Yes,Maybe,Yes,Optional,Jain Diet,Joint Family
Karan,Nair,Male,1999-09-18,India,Ahmedabad,6ft 9in,karan.nair82@gmail.com,+91 79823 72245,IIT Bombay,MBA Marketing,₹27 LPA,Cognizant,Operations Manager,Never Married,"English, Punjabi",0,Jainism,Shvetambar,No,Maybe,Maybe,Yes,Not Important,Vegetarian,Joint Family
Vijay,Garg,Male,2001-04-02,India,Lucknow,6ft 2in,vijay.garg99@gmail.com,+91 73601 35006,IIT Bombay,M.Sc Statistics,₹26 LPA,KPMG,Business Analyst,Never Married,"English, Telugu, Gujarati",3,Hinduism,Vaishya,Maybe,Yes,Maybe,Anshik (Partial),Not Important,Vegan,Joint Family
Anika,Nair,Female,1999-06-22,India,Chennai,5ft 8in,anika.nair88@gmail.com,+91 85865 35200,Anna University,BBA,₹41 LPA,Reliance Industries,Senior Consultant,Awaiting Divorce,"English, Marathi, Punjabi",1,Sikhism,Khatri,No,No,Maybe,Anshik (Partial),Optional,Vegetarian,Joint Family
Shreya,Verma,Female,1995-12-03,India,Kolkata,5ft 4in,shreya.verma66@gmail.com,+91 91494 43612,IIM Ahmedabad,B.A. Economics,₹18 LPA,L&T,Project Manager,Awaiting Divorce,"English, Bengali",1,Islam,Sunni,Maybe,Maybe,Yes,Yes,Necessary,Vegetarian,Joint Family
Priyanka,Tiwari,Female,2003-03-01,India,Jaipur,5ft 1in,priyanka.tiwari30@gmail.com,+91 83333 95575,IIM Ahmedabad,MBBS,₹18 LPA,Reliance Industries,HR Manager,Never Married,"English, Hindi",1,Jainism,Digambar,Yes,No,Yes,No,Optional,Vegan,Nuclear Family
Diya,Mukherjee,Female,2000-02-11,India,Chennai,5ft 4in,diya.mukherjee68@gmail.com,+91 91014 81211,IIM Bangalore,MBBS,₹14 LPA,Tata Motors,Chartered Accountant,Never Married,"English, Tamil",1,Sikhism,Arora,No,Maybe,Yes,No,Not Important,Eggetarian,Joint Family
Sai,Banerjee,Male,1996-02-13,India,Delhi,6ft 6in,sai.banerjee33@gmail.com,+91 74607 72580,Lady Shri Ram College,B.A. English,₹6 LPA,Flipkart,Systems Engineer,Never Married,"English, Marathi, Tamil",2,Jainism,Digambar,No,Maybe,No,Yes,Necessary,Vegetarian,Joint Family
Myra,Jain,Female,2002-05-23,India,Delhi,5ft 8in,myra.jain91@gmail.com,+91 79667 58174,XLRI Jamshedpur,B.A. English,₹20 LPA,Accenture,Resident Medical Officer,Never Married,"English, Odia, Punjabi",2,Sikhism,Arora,Maybe,No,Maybe,Yes,Necessary,Jain Diet,Nuclear Family
Shalini,Jain,Female,2000-02-02,India,Jaipur,5ft 1in,shalini.jain74@gmail.com,+91 76624 85065,IIM Calcutta,B.Sc Physics,₹16 LPA,HDFC Bank,UI/UX Designer,Never Married,"English, Telugu, Malayalam",3,Hinduism,Nair,No,Yes,No,Yes,Not Important,Vegan,Joint Family
Rajesh,Bansal,Male,1995-12-01,India,Pune,6ft 10in,rajesh.bansal42@gmail.com,+91 96753 10395,Vellore Institute of Technology,C.A. (Chartered Accountant),₹10 LPA,Infosys,Operations Manager,Never Married,"English, Kannada",0,Hinduism,Reddy,Yes,No,No,Yes,Necessary,Vegan,Joint Family
Preeti,Gupta,Female,2001-11-28,India,Jaipur,5ft 6in,preeti.gupta27@gmail.com,+91 91415 55582,BITS Pilani,B.Sc Mathematics,₹40 LPA,Deloitte,UI/UX Designer,Never Married,"English, Hindi, Telugu",0,Christianity,Syrian Christian,Maybe,Maybe,Maybe,Don't Know,Not Important,Vegan,Nuclear Family
Gaurav,Patel,Male,1994-12-25,India,Delhi,6ft 2in,gaurav.patel14@gmail.com,+91 96524 96533,Symbiosis International University,Ph.D. Biotechnology,₹7 LPA,Amazon India,Consultant,Never Married,"English, Hindi, Odia",3,Jainism,Digambar,Yes,Maybe,Yes,Don't Know,Optional,Non-Vegetarian,Nuclear Family
Ishaan,Garg,Male,2002-10-11,India,Lucknow,6ft 3in,ishaan.garg86@gmail.com,+91 95314 98150,Lady Shri Ram College,B.A. English,₹25 LPA,Accenture,UI/UX Designer,Never Married,"English, Marathi",0,Jainism,Digambar,Maybe,Maybe,No,Don't Know,Necessary,Eggetarian,Joint Family
Komal,Singh,Female,1995-07-06,India,Jaipur,5ft 6in,komal.singh70@gmail.com,+91 77896 39536,St. Xavier's College,B.Sc Physics,₹35 LPA,Infosys,Technical Architect,Never Married,"English, Kannada, Gujarati",1,Sikhism,Jat Sikh,No,Yes,No,No,Optional,Eggetarian,Nuclear Family
Ananya,Tiwari,Male,2000-10-02,India,Delhi,6ft 6in,ananya.tiwari34@gmail.com,+91 96366 87015,IIM Calcutta,B.A. Economics,₹36 LPA,Microsoft India,HR Manager,Never Married,"English, Hindi, Telugu",1,Hinduism,Reddy,Yes,Maybe,Maybe,Yes,Optional,Non-Vegetarian,Joint Family
Riddhi,Mishra,Female,1996-05-09,India,Kolkata,5ft 8in,riddhi.mishra75@gmail.com,+91 98927 75179,NMIMS,B.Com (Hons),₹36 LPA,HDFC Bank,Consultant,Never Married,"English, Hindi, Gujarati",1,Islam,Sunni,No,Maybe,Maybe,Don't Know,Optional,Non-Vegetarian,Nuclear Family
Pooja,Garg,Female,1994-08-18,India,Kolkata,5ft 9in,pooja.garg42@gmail.com,+91 95013 74044,IIM Ahmedabad,M.Sc Statistics,₹16 LPA,ICICI Bank,Financial Analyst,Never Married,"English, Kannada, Urdu",1,Jainism,Digambar,Maybe,Yes,Yes,No,Necessary,Vegan,Nuclear Family
Diya,Mehta,Male,1999-08-12,India,Mumbai,5ft 0in,diya.mehta89@gmail.com,+91 90897 97392,XLRI Jamshedpur,MBBS,₹37 LPA,Tata Consultancy Services (TCS),Software Engineer,Never Married,"English, Hindi, Gujarati",0,Jainism,Shvetambar,Maybe,No,Yes,Don't Know,Necessary,Vegetarian,Nuclear Family
Rohan,Banerjee,Male,1995-06-09,India,Pune,5ft 9in,rohan.banerjee20@gmail.com,+91 82224 63218,NMIMS,C.A. (Chartered Accountant),₹21 LPA,Amazon India,Assistant Manager,Never Married,"English, Malayalam",0,Hinduism,Baniya,No,No,Maybe,Don't Know,Necessary,Vegetarian,Nuclear Family
Sanjay,Bansal,Male,1996-10-28,India,Delhi,6ft 10in,sanjay.bansal77@gmail.com,+91 71394 40115,Vellore Institute of Technology,C.A. (Chartered Accountant),₹36 LPA,Flipkart,Senior Software Engineer,Awaiting Divorce,"English, Kannada, Odia",0,Islam,Shia,Yes,Yes,Maybe,Yes,Not Important,Vegan,Nuclear Family
Myra,Garg,Female,1997-11-18,India,Kolkata,5ft 9in,myra.garg59@gmail.com,+91 94759 28343,IIT Madras,BDS,₹28 LPA,Infosys,Data Scientist,Never Married,"English, Tamil",3,Christianity,Roman Catholic,Maybe,No,No,Don't Know,Necessary,Eggetarian,Joint Family
Anika,Agrawal,Female,2000-05-26,India,Hyderabad,5ft 1in,anika.agrawal19@gmail.com,+91 72688 45123,Delhi Technological University,M.Tech Data Science,₹15 LPA,Deloitte,HR Manager,Never Married,"English, Hindi",2,Sikhism,Khatri,No,Yes,Yes,No,Necessary,Vegan,Joint Family
Kavya,Iyer,Female,1999-02-20,India,Lucknow,5ft 1in,kavya.iyer51@gmail.com,+91 98302 60493,IIT Bombay,BCA,₹32 LPA,Deloitte,Product Manager,Never Married,"English, Kannada, Telugu",1,Sikhism,Jat Sikh,Yes,No,No,Anshik (Partial),Optional,Non-Vegetarian,Nuclear Family
Vikram,Reddy,Male,1998-02-12,India,Chennai,6ft 6in,vikram.reddy41@gmail.com,+91 93622 91924,IIM Ahmedabad,Ph.D. Biotechnology,₹45 LPA,Microsoft India,Chartered Accountant,Never Married,"English, Marathi, Hindi",3,Christianity,Protestant,No,No,No,Anshik (Partial),Optional,Jain Diet,Nuclear Family
Sneha,Nair,Female,1993-07-11,India,Chennai,5ft 7in,sneha.nair98@gmail.com,+91 90738 74357,FMS Delhi,B.A. English,₹26 LPA,Deloitte,Project Manager,Never Married,"English, Tamil, Gujarati",0,Jainism,Digambar,Maybe,Maybe,Yes,No,Not Important,Vegan,Nuclear Family
Swati,Tiwari,Female,1998-03-21,India,Chennai,5ft 6in,swati.tiwari40@gmail.com,+91 78279 96332,Delhi Technological University,MCA,₹30 LPA,Wipro,Chartered Accountant,Awaiting Divorce,"English, Odia, Gujarati",3,Jainism,Digambar,No,Maybe,Maybe,No,Necessary,Non-Vegetarian,Joint Family
